<?xml version="1.0" encoding="UTF-8"?>
<feature
      id="org.genivi.commonapi.console.feature"
      label="Command Line Feature"
      version="3.1.12.v201907221047"
      provider-name="BMW AG">

   <description url="http://www.example.com/description">
      [Enter Feature Description here.]
   </description>

   <copyright url="http://www.example.com/copyright">
      [Enter Copyright Description here.]
   </copyright>

   <license url="http://www.example.com/license">
      [Enter License Description here.]
   </license>

   <requires>
      <import feature="org.genivi.commonapi.console.franca.feature" version="3.1.12" match="compatible"/>
   </requires>

   <plugin
         id="org.eclipse.core.contenttype"
         download-size="91"
         install-size="188"
         version="3.4.200.v20140207-1251"
         unpack="false"/>

   <plugin
         id="org.eclipse.core.jobs"
         download-size="95"
         install-size="187"
         version="3.6.0.v20140424-0053"
         unpack="false"/>

   <plugin
         id="org.eclipse.core.runtime"
         download-size="73"
         install-size="157"
         version="3.10.0.v20140318-2214"
         unpack="false"/>

   <plugin
         id="org.eclipse.equinox.app"
         download-size="84"
         install-size="170"
         version="1.3.200.v20130910-1609"
         unpack="false"/>

   <plugin
         id="org.eclipse.equinox.common"
         download-size="104"
         install-size="192"
         version="3.6.200.v20130402-1505"
         unpack="false"/>

   <plugin
         id="org.eclipse.equinox.preferences"
         download-size="124"
         install-size="250"
         version="3.5.200.v20140224-1527"
         unpack="false"/>

   <plugin
         id="org.eclipse.equinox.registry"
         download-size="179"
         install-size="372"
         version="3.5.400.v20140428-1507"
         unpack="false"/>

   <plugin
         id="org.eclipse.osgi"
         download-size="1233"
         install-size="2621"
         version="3.10.2.v20141020-1740"
         unpack="false"/>

   <plugin
         id="org.eclipse.osgi.services"
         download-size="88"
         install-size="141"
         version="3.4.0.v20140312-2051"
         unpack="false"/>

   <plugin
         id="org.genivi.commonapi.console"
         download-size="26"
         install-size="49"
         version="3.1.12.v201907221047"
         unpack="false"/>

</feature>
