<?xml version="1.0" encoding="UTF-8"?>
<config date="1563798275451" transient="false">
	<site updateable="true" url="platform:/base/" enabled="true" policy="USER-EXCLUDE">
		<feature id="org.genivi.commonapi.console.feature" version="3.1.12.v201907221047" url="features/org.genivi.commonapi.console.feature_3.1.12.v201907221047/">
		</feature>
		<feature id="org.genivi.commonapi.someip.cli.feature" version="3.1.12.v201907221223" url="features/org.genivi.commonapi.someip.cli.feature_3.1.12.v201907221223/">
		</feature>
		<feature id="org.genivi.commonapi.console.franca.feature" version="3.1.12.v201907221047" url="features/org.genivi.commonapi.console.franca.feature_3.1.12.v201907221047/">
		</feature>
	</site>
</config>
